Orthologue Group ID	ProteinID
OG0000000	B1_k25_TRINITY_DN12555_c1_g1_i10
OG0000000	B1_k25_TRINITY_DN12555_c1_g1_i6
OG0000000	B1_k25_TRINITY_DN12555_c1_g1_i7
OG0000000	B1_k31_TRINITY_DN1221_c0_g1_i2
OG0000000	B1_k31_TRINITY_DN1221_c0_g1_i4
OG0000000	B1_k31_TRINITY_DN44163_c0_g2_i1
OG0000000	B2_k25_TRINITY_DN11478_c0_g1_i10
OG0000000	B2_k25_TRINITY_DN24938_c0_g1_i3
OG0000000	B2_k25_TRINITY_DN24938_c0_g1_i5
OG0000000	B2_k25_TRINITY_DN24938_c1_g1_i1
OG0000000	B2_k31_TRINITY_DN136994_c0_g1_i1
OG0000000	B2_k31_TRINITY_DN1470_c0_g2_i1
OG0000000	B2_k31_TRINITY_DN31281_c1_g1_i4
OG0000000	B2_k31_TRINITY_DN8042_c0_g1_i2
OG0000000	CP74-2005_k25_TRINITY_DN13125_c0_g1_i2
OG0000000	CP74-2005_k25_TRINITY_DN8355_c0_g1_i2
OG0000000	CP74-2005_k31_TRINITY_DN15129_c0_g1_i6
OG0000000	CP74-2005_k31_TRINITY_DN15129_c1_g1_i4
OG0000000	CP74-2005_k31_TRINITY_DN15129_c1_g1_i7
OG0000000	CP74-2005_k31_TRINITY_DN19000_c0_g2_i1
OG0000000	CP74-2005_k31_TRINITY_DN22367_c2_g1_i2
OG0000000	CP74-2005_k31_TRINITY_DN46522_c0_g2_i3
OG0000000	CP74-2005_k31_TRINITY_DN46522_c0_g2_i4
OG0000000	CP74-2005_k31_TRINITY_DN54160_c0_g1_i1
OG0000000	CP74-2005_k31_TRINITY_DN54160_c0_g1_i4
OG0000000	CP74-2005_k31_TRINITY_DN74861_c0_g2_i2
OG0000000	CP74-2005_k31_TRINITY_DN74861_c0_g2_i4
OG0000000	Co06022_k25_TRINITY_DN10080_c0_g1_i8
OG0000000	Co06022_k25_TRINITY_DN10829_c0_g1_i14
OG0000000	Co06022_k25_TRINITY_DN10829_c0_g1_i15
OG0000000	Co06022_k25_TRINITY_DN10829_c0_g1_i9
OG0000000	Co06022_k25_TRINITY_DN16199_c0_g1_i10
OG0000000	Co06022_k25_TRINITY_DN16199_c0_g1_i8
OG0000000	Co06022_k25_TRINITY_DN18640_c1_g1_i11
OG0000000	Co06022_k25_TRINITY_DN18640_c1_g1_i7
OG0000000	Co06022_k25_TRINITY_DN18733_c0_g1_i1
OG0000000	Co06022_k25_TRINITY_DN18733_c0_g1_i2
OG0000000	Co06022_k25_TRINITY_DN18733_c0_g1_i3
OG0000000	Co06022_k25_TRINITY_DN18733_c0_g1_i6
OG0000000	Co06022_k25_TRINITY_DN18733_c1_g1_i4
OG0000000	Co06022_k25_TRINITY_DN18733_c1_g1_i7
OG0000000	Co06022_k25_TRINITY_DN21508_c0_g1_i1
OG0000000	Co06022_k25_TRINITY_DN28940_c0_g1_i1
OG0000000	Co06022_k25_TRINITY_DN28940_c0_g2_i1
OG0000000	Co06022_k25_TRINITY_DN28940_c0_g2_i3
OG0000000	Co06022_k25_TRINITY_DN50157_c0_g1_i1
OG0000000	Co06022_k31_TRINITY_DN11771_c0_g1_i1
OG0000000	Co06022_k31_TRINITY_DN11771_c0_g1_i10
OG0000000	Co06022_k31_TRINITY_DN11771_c0_g1_i4
OG0000000	Co06022_k31_TRINITY_DN11771_c0_g1_i5
OG0000000	Co06022_k31_TRINITY_DN11771_c0_g1_i6
OG0000000	Co06022_k31_TRINITY_DN11771_c0_g1_i8
OG0000000	Co06022_k31_TRINITY_DN18164_c0_g2_i1
OG0000000	Co06022_k31_TRINITY_DN21411_c0_g1_i1
OG0000000	Co06022_k31_TRINITY_DN21411_c0_g1_i10
OG0000000	Co06022_k31_TRINITY_DN21411_c0_g1_i3
OG0000000	Co06022_k31_TRINITY_DN21411_c0_g1_i5
OG0000000	Co06022_k31_TRINITY_DN21411_c0_g1_i6
OG0000000	Co06022_k31_TRINITY_DN21411_c0_g1_i7
OG0000000	Co06022_k31_TRINITY_DN21411_c1_g1_i5
OG0000000	Co06022_k31_TRINITY_DN21411_c1_g1_i7
OG0000000	Co06022_k31_TRINITY_DN21411_c1_g1_i9
OG0000000	Co06022_k31_TRINITY_DN24646_c1_g1_i3
OG0000000	Co06022_k31_TRINITY_DN32212_c1_g3_i1
OG0000000	Co06022_k31_TRINITY_DN7845_c0_g1_i6
OG0000000	Co06022_k31_TRINITY_DN7845_c1_g1_i4
OG0000000	Co8021_k25_TRINITY_DN11172_c0_g1_i1
OG0000000	Co8021_k25_TRINITY_DN11172_c0_g1_i12
OG0000000	Co8021_k25_TRINITY_DN11172_c0_g1_i8
OG0000000	Co8021_k25_TRINITY_DN16743_c1_g1_i4
OG0000000	Co8021_k25_TRINITY_DN23527_c0_g1_i9
OG0000000	Co8021_k25_TRINITY_DN41722_c0_g1_i1
OG0000000	Co8021_k25_TRINITY_DN41722_c0_g1_i5
OG0000000	Co8021_k25_TRINITY_DN41722_c0_g2_i1
OG0000000	Co8021_k25_TRINITY_DN57125_c0_g1_i2
OG0000000	Co8021_k25_TRINITY_DN8349_c0_g1_i10
OG0000000	Co8021_k25_TRINITY_DN8349_c0_g1_i12
OG0000000	Co8021_k25_TRINITY_DN8349_c0_g1_i5
OG0000000	Co8021_k25_TRINITY_DN9758_c1_g1_i1
OG0000000	Co8021_k31_TRINITY_DN10341_c0_g1_i1
OG0000000	Co8021_k31_TRINITY_DN10341_c0_g1_i10
OG0000000	Co8021_k31_TRINITY_DN10341_c0_g1_i11
OG0000000	Co8021_k31_TRINITY_DN10341_c0_g1_i3
OG0000000	Co8021_k31_TRINITY_DN10341_c0_g1_i4
OG0000000	Co8021_k31_TRINITY_DN10341_c0_g1_i5
OG0000000	Co8021_k31_TRINITY_DN11420_c0_g1_i1
OG0000000	Co8021_k31_TRINITY_DN11420_c0_g2_i10
OG0000000	Co8021_k31_TRINITY_DN12242_c1_g1_i2
OG0000000	Co8021_k31_TRINITY_DN12242_c1_g1_i3
OG0000000	Co8021_k31_TRINITY_DN12242_c1_g1_i6
OG0000000	Co8021_k31_TRINITY_DN17047_c0_g1_i2
OG0000000	Co8021_k31_TRINITY_DN17047_c0_g1_i5
OG0000000	Co8021_k31_TRINITY_DN17047_c1_g1_i1
OG0000000	Co8021_k31_TRINITY_DN17047_c1_g1_i5
OG0000000	Co8021_k31_TRINITY_DN17047_c1_g1_i7
OG0000000	Co8021_k31_TRINITY_DN18682_c0_g1_i1
OG0000000	Co8021_k31_TRINITY_DN18804_c0_g1_i4
OG0000000	Co8021_k31_TRINITY_DN25033_c0_g1_i5
OG0000000	Co8021_k31_TRINITY_DN25033_c0_g1_i6
OG0000000	Co8021_k31_TRINITY_DN25033_c0_g1_i7
OG0000000	Co8021_k31_TRINITY_DN44901_c1_g1_i1
OG0000000	Co8021_k31_TRINITY_DN44968_c1_g1_i1
OG0000000	CoV92102_k25_TRINITY_DN41996_c0_g1_i1
OG0000000	CoV92102_k25_TRINITY_DN41996_c0_g1_i7
OG0000000	CoV92102_k25_TRINITY_DN4581_c1_g1_i6
OG0000000	CoV92102_k25_TRINITY_DN4581_c1_g1_i8
OG0000000	CoV92102_k25_TRINITY_DN4581_c1_g1_i9
OG0000000	CoV92102_k31_TRINITY_DN1247_c7_g1_i1
OG0000000	CoV92102_k31_TRINITY_DN16974_c0_g1_i4
OG0000000	CoV92102_k31_TRINITY_DN16974_c0_g1_i7
OG0000000	CoV92102_k31_TRINITY_DN29258_c1_g1_i1
OG0000000	CoV92102_k31_TRINITY_DN29258_c1_g1_i2
OG0000000	CoV92102_k31_TRINITY_DN34719_c0_g1_i3
OG0000000	F1-Bulk-1_k25_TRINITY_DN3241_c0_g1_i1
OG0000000	F1-Bulk-1_k25_TRINITY_DN3241_c0_g1_i4
OG0000000	F1-Bulk-1_k25_TRINITY_DN3241_c0_g1_i5
OG0000000	F1-Bulk-1_k25_TRINITY_DN3241_c0_g1_i8
OG0000000	F1-Bulk-1_k25_TRINITY_DN77506_c1_g2_i1
OG0000000	F1-Bulk-1_k31_TRINITY_DN4845_c3_g1_i3
OG0000000	F1-Bulk-1_k31_TRINITY_DN4845_c3_g1_i4
OG0000000	F1-Bulk-1_k31_TRINITY_DN4845_c3_g1_i5
OG0000000	F1-Bulk-1_k31_TRINITY_DN74498_c0_g1_i1
OG0000000	F1-Bulk-1_k31_TRINITY_DN83356_c0_g1_i1
OG0000000	F1-Bulk-1_k31_TRINITY_DN9477_c1_g1_i4
OG0000000	F1-Bulk-2_k25_TRINITY_DN24886_c0_g2_i2
OG0000000	F1-Bulk-2_k25_TRINITY_DN24886_c0_g2_i4
OG0000000	F1-Bulk-2_k25_TRINITY_DN24886_c0_g2_i5
OG0000000	F1-Bulk-2_k25_TRINITY_DN29638_c0_g1_i1
OG0000000	F1-Bulk-2_k25_TRINITY_DN29638_c0_g1_i2
OG0000000	F1-Bulk-2_k31_TRINITY_DN14647_c2_g2_i1
OG0000000	FN95-1702_k25_TRINITY_DN12933_c0_g1_i2
OG0000000	FN95-1702_k31_TRINITY_DN13402_c0_g1_i6
OG0000000	FN95-1702_k31_TRINITY_DN13402_c0_g1_i8
OG0000000	FN95-1702_k31_TRINITY_DN19217_c1_g1_i1
OG0000000	FN95-1702_k31_TRINITY_DN27203_c2_g1_i1
OG0000000	FN95-1702_k31_TRINITY_DN34150_c0_g1_i1
OG0000000	FN95-1702_k31_TRINITY_DN34150_c0_g1_i3
OG0000000	FN95-1702_k31_TRINITY_DN34150_c0_g1_i4
OG0000000	GN18_k25_TRINITY_DN38348_c1_g1_i10
OG0000000	GN18_k25_TRINITY_DN38348_c1_g1_i5
OG0000000	GN18_k25_TRINITY_DN45748_c1_g1_i3
OG0000000	GN18_k25_TRINITY_DN49663_c0_g1_i2
OG0000000	GN18_k31_TRINITY_DN16522_c0_g2_i7
OG0000000	GN18_k31_TRINITY_DN34904_c0_g1_i1
OG0000000	GN18_k31_TRINITY_DN34904_c0_g1_i4
OG0000000	GN18_k31_TRINITY_DN41182_c0_g2_i1
OG0000000	GN18_k31_TRINITY_DN41182_c0_g2_i6
OG0000000	GN18_k31_TRINITY_DN54953_c0_g1_i1
OG0000000	GN18_k31_TRINITY_DN54953_c0_g1_i4
OG0000000	GN18_k31_TRINITY_DN76013_c1_g1_i2
OG0000000	GN18_k31_TRINITY_DN9079_c0_g1_i11
OG0000000	GN18_k31_TRINITY_DN9079_c0_g1_i14
OG0000000	GN18_k31_TRINITY_DN9079_c0_g1_i7
OG0000000	GN18_k31_TRINITY_DN90_c2_g1_i2
OG0000000	GT96-167_k25_TRINITY_DN8996_c0_g1_i4
OG0000000	GT96-167_k31_TRINITY_DN13389_c0_g1_i9
OG0000000	GT96-167_k31_TRINITY_DN13718_c0_g1_i3
OG0000000	GT96-167_k31_TRINITY_DN13718_c0_g1_i4
OG0000000	GT96-167_k31_TRINITY_DN13718_c0_g2_i1
OG0000000	GT96-167_k31_TRINITY_DN13718_c0_g2_i2
OG0000000	GT96-167_k31_TRINITY_DN28806_c0_g1_i2
OG0000000	GT96-167_k31_TRINITY_DN45310_c0_g1_i2
OG0000000	GT96-167_k31_TRINITY_DN45310_c0_g2_i2
OG0000000	GT96-167_k31_TRINITY_DN5498_c0_g1_i3
OG0000000	GT96-167_k31_TRINITY_DN5498_c0_g1_i7
OG0000000	GT96-167_k31_TRINITY_DN9112_c2_g2_i1
OG0000000	GUC10_k25_TRINITY_DN20664_c0_g1_i4
OG0000000	GUC10_k31_TRINITY_DN35876_c0_g1_i1
OG0000000	GXU-34140_k25_TRINITY_DN28908_c1_g1_i1
OG0000000	GXU-34140_k25_TRINITY_DN6622_c0_g2_i6
OG0000000	GXU-34140_k31_TRINITY_DN23505_c0_g3_i1
OG0000000	GXU-34176_k31_TRINITY_DN10262_c0_g1_i18
OG0000000	GXU-34176_k31_TRINITY_DN10262_c0_g1_i7
OG0000000	GXU-34176_k31_TRINITY_DN12721_c0_g1_i1
OG0000000	GXU-34176_k31_TRINITY_DN12721_c0_g1_i3
OG0000000	GXU-34176_k31_TRINITY_DN12721_c0_g1_i5
OG0000000	GXU-34176_k31_TRINITY_DN12721_c1_g1_i3
OG0000000	GXU-34176_k31_TRINITY_DN12721_c1_g1_i6
OG0000000	GXU-34176_k31_TRINITY_DN12721_c1_g1_i7
OG0000000	GXU-34176_k31_TRINITY_DN6542_c0_g1_i11
OG0000000	GXU-34176_k31_TRINITY_DN6542_c0_g1_i12
OG0000000	GXU-34176_k31_TRINITY_DN6542_c0_g1_i4
OG0000000	GXU-34176_k31_TRINITY_DN6542_c0_g1_i5
OG0000000	GXU-34176_k31_TRINITY_DN6542_c0_g1_i8
OG0000000	GXU-34176_k31_TRINITY_DN6542_c0_g1_i9
OG0000000	KQ08-2850_k25_TRINITY_DN47212_c0_g1_i1
OG0000000	KQ08-2850_k25_TRINITY_DN47212_c0_g1_i2
OG0000000	KQ08-2850_k25_TRINITY_DN47212_c0_g1_i4
OG0000000	KQ08-2850_k25_TRINITY_DN8994_c0_g1_i7
OG0000000	KQ08-2850_k31_TRINITY_DN15715_c0_g1_i3
OG0000000	KQ08-2850_k31_TRINITY_DN19252_c0_g1_i1
OG0000000	KQ08-2850_k31_TRINITY_DN19252_c0_g1_i5
OG0000000	KQ08-2850_k31_TRINITY_DN19252_c0_g1_i9
OG0000000	KQ08-2850_k31_TRINITY_DN7355_c1_g1_i10
OG0000000	KQ08-2850_k31_TRINITY_DN7355_c1_g1_i14
OG0000000	KQ08-2850_k31_TRINITY_DN8930_c0_g1_i4
OG0000000	KQ08-2850_k31_TRINITY_DN8930_c0_g1_i5
OG0000000	KQ08-2850_k31_TRINITY_DN9738_c0_g1_i2
OG0000000	KQB07-23863_k31_TRINITY_DN32951_c0_g1_i1
OG0000000	KQB07-23990_k31_TRINITY_DN1293_c0_g1_i10
OG0000000	KQB07-23990_k31_TRINITY_DN1293_c0_g1_i12
OG0000000	KQB07-23990_k31_TRINITY_DN1293_c0_g1_i16
OG0000000	KQB07-23990_k31_TRINITY_DN1293_c0_g1_i17
OG0000000	KQB07-23990_k31_TRINITY_DN1293_c0_g1_i2
OG0000000	KQB07-23990_k31_TRINITY_DN1293_c0_g1_i5
OG0000000	KQB07-24619_k25_TRINITY_DN2877_c1_g2_i1
OG0000000	KQB07-24619_k25_TRINITY_DN2877_c1_g2_i4
OG0000000	KQB07-24619_k25_TRINITY_DN2877_c1_g2_i8
OG0000000	KQB07-24619_k31_TRINITY_DN19845_c2_g1_i3
OG0000000	KQB07-24619_k31_TRINITY_DN3804_c0_g1_i14
OG0000000	KQB07-24619_k31_TRINITY_DN3804_c0_g1_i15
OG0000000	KQB07-24739_k31_TRINITY_DN15336_c0_g1_i10
OG0000000	KQB07-24739_k31_TRINITY_DN2160_c0_g1_i13
OG0000000	KQB07-24739_k31_TRINITY_DN2160_c0_g1_i14
OG0000000	KQB08-32953_k25_TRINITY_DN19621_c0_g2_i1
OG0000000	KQB08-32953_k25_TRINITY_DN2297_c0_g1_i4
OG0000000	KQB08-32953_k31_TRINITY_DN6371_c0_g1_i16
OG0000000	KQB08-32953_k31_TRINITY_DN6371_c0_g1_i6
OG0000000	KQB09-20432_k31_TRINITY_DN17700_c0_g1_i2
OG0000000	KQB09-20432_k31_TRINITY_DN5822_c0_g1_i12
OG0000000	KQB09-20432_k31_TRINITY_DN5822_c0_g1_i5
OG0000000	KQB09-20620_k25_TRINITY_DN44239_c1_g1_i2
OG0000000	KQB09-20620_k25_TRINITY_DN469_c0_g1_i6
OG0000000	KQB09-20620_k25_TRINITY_DN7059_c0_g1_i8
OG0000000	KQB09-20620_k25_TRINITY_DN7059_c0_g1_i9
OG0000000	KQB09-20620_k31_TRINITY_DN17193_c0_g1_i1
OG0000000	KQB09-20620_k31_TRINITY_DN17193_c0_g1_i2
OG0000000	KQB09-20620_k31_TRINITY_DN17193_c0_g1_i3
OG0000000	KQB09-20620_k31_TRINITY_DN17193_c0_g1_i6
OG0000000	KQB09-20620_k31_TRINITY_DN17193_c0_g1_i7
OG0000000	KQB09-20620_k31_TRINITY_DN2006_c0_g2_i1
OG0000000	KQB09-20620_k31_TRINITY_DN24322_c1_g1_i1
OG0000000	KQB09-20620_k31_TRINITY_DN8309_c0_g1_i13
OG0000000	KQB09-23137_k31_TRINITY_DN3519_c0_g2_i1
OG0000000	KQB09-23137_k31_TRINITY_DN3519_c0_g2_i2
OG0000000	KQB09-23137_k31_TRINITY_DN4254_c1_g1_i1
OG0000000	KQB09-23137_k31_TRINITY_DN8447_c1_g1_i1
OG0000000	LCP85-384_k25_TRINITY_DN102749_c1_g1_i2
OG0000000	LCP85-384_k25_TRINITY_DN14451_c0_g1_i1
OG0000000	LCP85-384_k25_TRINITY_DN14451_c0_g1_i2
OG0000000	LCP85-384_k25_TRINITY_DN14451_c0_g1_i3
OG0000000	LCP85-384_k25_TRINITY_DN14451_c0_g1_i4
OG0000000	LCP85-384_k25_TRINITY_DN14451_c0_g1_i6
OG0000000	LCP85-384_k25_TRINITY_DN166009_c0_g1_i1
OG0000000	LCP85-384_k25_TRINITY_DN166009_c0_g1_i2
OG0000000	LCP85-384_k25_TRINITY_DN190530_c0_g1_i1
OG0000000	LCP85-384_k25_TRINITY_DN190530_c1_g1_i1
OG0000000	LCP85-384_k25_TRINITY_DN20500_c0_g1_i1
OG0000000	LCP85-384_k25_TRINITY_DN20500_c1_g1_i1
OG0000000	LCP85-384_k25_TRINITY_DN301_c0_g1_i6
OG0000000	LCP85-384_k25_TRINITY_DN36117_c0_g1_i2
OG0000000	LCP85-384_k25_TRINITY_DN36117_c0_g1_i5
OG0000000	LCP85-384_k25_TRINITY_DN37525_c0_g1_i2
OG0000000	LCP85-384_k25_TRINITY_DN4002_c0_g2_i1
OG0000000	LCP85-384_k25_TRINITY_DN56432_c0_g1_i1
OG0000000	LCP85-384_k25_TRINITY_DN60401_c0_g1_i1
OG0000000	LCP85-384_k25_TRINITY_DN67138_c0_g1_i6
OG0000000	LCP85-384_k25_TRINITY_DN67681_c0_g1_i1
OG0000000	LCP85-384_k25_TRINITY_DN78826_c0_g1_i8
OG0000000	LCP85-384_k25_TRINITY_DN80697_c0_g2_i2
OG0000000	LCP85-384_k25_TRINITY_DN80697_c0_g2_i3
OG0000000	LCP85-384_k25_TRINITY_DN80697_c0_g2_i5
OG0000000	LCP85-384_k25_TRINITY_DN8716_c0_g1_i4
OG0000000	LCP85-384_k25_TRINITY_DN8716_c0_g1_i7
OG0000000	LCP85-384_k25_TRINITY_DN9037_c0_g1_i3
OG0000000	LCP85-384_k31_TRINITY_DN108109_c0_g1_i1
OG0000000	LCP85-384_k31_TRINITY_DN111896_c0_g1_i1
OG0000000	LCP85-384_k31_TRINITY_DN111896_c1_g1_i1
OG0000000	LCP85-384_k31_TRINITY_DN1419_c0_g1_i12
OG0000000	LCP85-384_k31_TRINITY_DN1419_c0_g1_i5
OG0000000	LCP85-384_k31_TRINITY_DN1419_c0_g1_i7
OG0000000	LCP85-384_k31_TRINITY_DN1419_c0_g1_i8
OG0000000	LCP85-384_k31_TRINITY_DN153466_c1_g2_i2
OG0000000	LCP85-384_k31_TRINITY_DN22303_c0_g1_i1
OG0000000	LCP85-384_k31_TRINITY_DN22303_c0_g1_i3
OG0000000	LCP85-384_k31_TRINITY_DN22303_c0_g1_i4
OG0000000	LCP85-384_k31_TRINITY_DN22303_c1_g1_i8
OG0000000	LCP85-384_k31_TRINITY_DN22303_c1_g1_i9
OG0000000	LCP85-384_k31_TRINITY_DN25533_c1_g1_i2
OG0000000	LCP85-384_k31_TRINITY_DN25533_c1_g1_i5
OG0000000	LCP85-384_k31_TRINITY_DN25848_c0_g1_i10
OG0000000	LCP85-384_k31_TRINITY_DN25848_c0_g1_i14
OG0000000	LCP85-384_k31_TRINITY_DN25848_c0_g1_i16
OG0000000	LCP85-384_k31_TRINITY_DN25848_c0_g1_i7
OG0000000	LCP85-384_k31_TRINITY_DN35520_c1_g1_i5
OG0000000	LCP85-384_k31_TRINITY_DN35520_c1_g1_i6
OG0000000	LCP85-384_k31_TRINITY_DN36764_c0_g1_i3
OG0000000	LCP85-384_k31_TRINITY_DN43760_c0_g1_i4
OG0000000	LCP85-384_k31_TRINITY_DN44248_c0_g1_i2
OG0000000	LCP85-384_k31_TRINITY_DN46592_c1_g1_i3
OG0000000	LCP85-384_k31_TRINITY_DN4840_c0_g1_i10
OG0000000	LCP85-384_k31_TRINITY_DN4840_c0_g1_i3
OG0000000	LCP85-384_k31_TRINITY_DN4840_c0_g1_i5
OG0000000	LCP85-384_k31_TRINITY_DN4840_c0_g1_i7
OG0000000	LCP85-384_k31_TRINITY_DN4840_c0_g1_i8
OG0000000	LCP85-384_k31_TRINITY_DN4840_c0_g1_i9
OG0000000	LCP85-384_k31_TRINITY_DN4840_c1_g1_i6
OG0000000	LCP85-384_k31_TRINITY_DN52253_c0_g1_i5
OG0000000	LCP85-384_k31_TRINITY_DN52253_c1_g1_i6
OG0000000	LCP85-384_k31_TRINITY_DN55330_c4_g1_i2
OG0000000	LCP85-384_k31_TRINITY_DN57541_c0_g1_i3
OG0000000	LCP85-384_k31_TRINITY_DN57541_c0_g2_i1
OG0000000	LCP85-384_k31_TRINITY_DN57541_c0_g2_i2
OG0000000	LCP85-384_k31_TRINITY_DN57541_c1_g1_i3
OG0000000	LCP85-384_k31_TRINITY_DN58557_c0_g1_i5
OG0000000	LCP85-384_k31_TRINITY_DN71341_c0_g2_i1
OG0000000	LCP85-384_k31_TRINITY_DN82493_c0_g1_i8
OG0000000	LCP85-384_k31_TRINITY_DN83081_c0_g1_i1
OG0000000	LCP85-384_k31_TRINITY_DN83081_c0_g2_i1
OG0000000	LCP85-384_k31_TRINITY_DN83081_c0_g2_i6
OG0000000	LCP85-384_k31_TRINITY_DN83084_c0_g1_i2
OG0000000	MS6847_k25_TRINITY_DN20245_c0_g1_i1
OG0000000	MS6847_k25_TRINITY_DN20473_c0_g1_i1
OG0000000	MS6847_k25_TRINITY_DN31829_c0_g1_i5
OG0000000	MS6847_k25_TRINITY_DN52957_c0_g1_i1
OG0000000	MS6847_k31_TRINITY_DN26931_c0_g1_i1
OG0000000	MS6847_k31_TRINITY_DN38864_c0_g1_i2
OG0000000	MS6847_k31_TRINITY_DN38864_c0_g1_i4
OG0000000	MS6847_k31_TRINITY_DN8127_c0_g1_i16
OG0000000	MT11-610_k25_TRINITY_DN136557_c0_g1_i1
OG0000000	MT11-610_k25_TRINITY_DN141276_c0_g1_i1
OG0000000	MT11-610_k25_TRINITY_DN141276_c0_g1_i3
OG0000000	MT11-610_k25_TRINITY_DN141276_c0_g1_i4
OG0000000	MT11-610_k25_TRINITY_DN146916_c0_g1_i1
OG0000000	MT11-610_k25_TRINITY_DN153983_c0_g2_i1
OG0000000	MT11-610_k25_TRINITY_DN153983_c1_g1_i2
OG0000000	MT11-610_k25_TRINITY_DN181653_c0_g1_i2
OG0000000	MT11-610_k25_TRINITY_DN27097_c0_g1_i4
OG0000000	MT11-610_k25_TRINITY_DN27097_c0_g1_i8
OG0000000	MT11-610_k25_TRINITY_DN33901_c1_g2_i3
OG0000000	MT11-610_k25_TRINITY_DN43315_c1_g2_i1
OG0000000	MT11-610_k25_TRINITY_DN7852_c0_g1_i2
OG0000000	MT11-610_k25_TRINITY_DN7852_c0_g1_i3
OG0000000	MT11-610_k25_TRINITY_DN86043_c1_g1_i1
OG0000000	MT11-610_k25_TRINITY_DN86043_c1_g1_i3
OG0000000	MT11-610_k25_TRINITY_DN93979_c0_g1_i1
OG0000000	MT11-610_k25_TRINITY_DN93979_c0_g1_i2
OG0000000	MT11-610_k25_TRINITY_DN93979_c0_g1_i3
OG0000000	MT11-610_k25_TRINITY_DN98240_c0_g3_i2
OG0000000	MT11-610_k31_TRINITY_DN11302_c0_g2_i1
OG0000000	MT11-610_k31_TRINITY_DN11923_c1_g1_i1
OG0000000	MT11-610_k31_TRINITY_DN155710_c0_g1_i1
OG0000000	MT11-610_k31_TRINITY_DN21696_c0_g1_i11
OG0000000	MT11-610_k31_TRINITY_DN21696_c0_g1_i3
OG0000000	MT11-610_k31_TRINITY_DN21696_c0_g1_i9
OG0000000	MT11-610_k31_TRINITY_DN24929_c0_g1_i6
OG0000000	MT11-610_k31_TRINITY_DN24929_c0_g1_i7
OG0000000	MT11-610_k31_TRINITY_DN33703_c2_g1_i1
OG0000000	MT11-610_k31_TRINITY_DN47713_c0_g2_i2
OG0000000	MT11-610_k31_TRINITY_DN50932_c0_g1_i5
OG0000000	MT11-610_k31_TRINITY_DN53261_c0_g1_i2
OG0000000	MT11-610_k31_TRINITY_DN56173_c0_g1_i1
OG0000000	MT11-610_k31_TRINITY_DN56173_c0_g1_i3
OG0000000	MT11-610_k31_TRINITY_DN72925_c0_g1_i3
OG0000000	MT11-610_k31_TRINITY_DN72925_c1_g1_i1
OG0000000	MT11-610_k31_TRINITY_DN734_c0_g1_i10
OG0000000	MT11-610_k31_TRINITY_DN734_c0_g1_i3
OG0000000	MT11-610_k31_TRINITY_DN74026_c1_g1_i3
OG0000000	Q200_k25_TRINITY_DN20332_c0_g1_i1
OG0000000	Q200_k25_TRINITY_DN21180_c0_g2_i3
OG0000000	Q200_k25_TRINITY_DN21180_c0_g2_i6
OG0000000	Q200_k25_TRINITY_DN22341_c2_g1_i1
OG0000000	Q200_k31_TRINITY_DN14031_c2_g1_i1
OG0000000	Q200_k31_TRINITY_DN7434_c0_g1_i6
OG0000000	Q200_k31_TRINITY_DN7434_c0_g1_i7
OG0000000	Q200_k31_TRINITY_DN9484_c1_g1_i2
OG0000000	Q200_k31_TRINITY_DN9484_c1_g1_i3
OG0000000	Q200_k31_TRINITY_DN9484_c2_g1_i1
OG0000000	Q200_k31_TRINITY_DN9484_c2_g1_i4
OG0000000	Q241_k31_TRINITY_DN10709_c0_g1_i3
OG0000000	Q241_k31_TRINITY_DN14398_c0_g1_i13
OG0000000	Q241_k31_TRINITY_DN581_c2_g1_i1
OG0000000	QA02-1009_k25_TRINITY_DN12711_c1_g1_i6
OG0000000	QA02-1009_k25_TRINITY_DN12711_c1_g1_i8
OG0000000	QA02-1009_k25_TRINITY_DN13646_c0_g1_i1
OG0000000	QA02-1009_k25_TRINITY_DN13646_c0_g1_i4
OG0000000	QA02-1009_k25_TRINITY_DN13646_c0_g1_i6
OG0000000	QA02-1009_k25_TRINITY_DN2710_c0_g1_i11
OG0000000	QA02-1009_k25_TRINITY_DN2710_c0_g1_i12
OG0000000	QA02-1009_k25_TRINITY_DN31746_c0_g1_i1
OG0000000	QA02-1009_k25_TRINITY_DN31746_c0_g1_i2
OG0000000	QA02-1009_k25_TRINITY_DN53734_c1_g1_i1
OG0000000	QA02-1009_k25_TRINITY_DN53734_c1_g1_i3
OG0000000	QA02-1009_k25_TRINITY_DN53734_c1_g3_i3
OG0000000	QA02-1009_k31_TRINITY_DN47144_c0_g1_i1
OG0000000	QA02-1009_k31_TRINITY_DN47144_c0_g1_i2
OG0000000	QA02-1009_k31_TRINITY_DN6995_c0_g1_i2
OG0000000	QA96-1749_k25_TRINITY_DN4351_c0_g1_i1
OG0000000	QA96-1749_k25_TRINITY_DN4351_c0_g1_i3
OG0000000	QA96-1749_k25_TRINITY_DN4351_c0_g1_i4
OG0000000	QA96-1749_k25_TRINITY_DN5511_c0_g1_i2
OG0000000	QA96-1749_k25_TRINITY_DN5511_c0_g1_i3
OG0000000	QA96-1749_k25_TRINITY_DN5511_c0_g1_i6
OG0000000	QA96-1749_k25_TRINITY_DN5511_c0_g1_i7
OG0000000	QA96-1749_k25_TRINITY_DN5511_c0_g1_i8
OG0000000	QA96-1749_k25_TRINITY_DN5511_c1_g1_i2
OG0000000	QA96-1749_k25_TRINITY_DN5511_c1_g1_i4
OG0000000	QA96-1749_k31_TRINITY_DN11016_c0_g2_i5
OG0000000	QA96-1749_k31_TRINITY_DN17263_c1_g1_i1
OG0000000	QA96-1749_k31_TRINITY_DN17263_c1_g1_i2
OG0000000	QA96-1749_k31_TRINITY_DN1781_c0_g1_i4
OG0000000	QA96-1749_k31_TRINITY_DN19650_c0_g1_i1
OG0000000	QA96-1749_k31_TRINITY_DN19650_c0_g2_i3
OG0000000	QA96-1749_k31_TRINITY_DN22257_c0_g1_i2
OG0000000	QA96-1749_k31_TRINITY_DN22257_c0_g1_i4
OG0000000	QA96-1749_k31_TRINITY_DN22257_c0_g1_i5
OG0000000	QA96-1749_k31_TRINITY_DN6931_c1_g1_i6
OG0000000	QBYN04-26041_k25_TRINITY_DN7325_c0_g1_i2
OG0000000	QC02-402_k25_TRINITY_DN3285_c0_g1_i10
OG0000000	QC02-402_k31_TRINITY_DN12246_c0_g1_i7
OG0000000	QC02-402_k31_TRINITY_DN12563_c1_g1_i1
OG0000000	QC02-402_k31_TRINITY_DN20740_c0_g1_i4
OG0000000	QC02-402_k31_TRINITY_DN20740_c0_g1_i5
OG0000000	QC02-402_k31_TRINITY_DN20740_c0_g1_i7
OG0000000	QC02-402_k31_TRINITY_DN20740_c0_g1_i8
OG0000000	QC02-402_k31_TRINITY_DN25197_c0_g1_i4
OG0000000	QC02-402_k31_TRINITY_DN5558_c3_g1_i2
OG0000000	QN05-1460_k25_TRINITY_DN29096_c0_g1_i1
OG0000000	QN05-1460_k31_TRINITY_DN10086_c0_g1_i5
OG0000000	QN05-1460_k31_TRINITY_DN10086_c0_g2_i1
OG0000000	QN05-1460_k31_TRINITY_DN1071_c0_g1_i8
OG0000000	QN05-1460_k31_TRINITY_DN19896_c0_g3_i2
OG0000000	QN05-1460_k31_TRINITY_DN19896_c0_g3_i4
OG0000000	QN05-1460_k31_TRINITY_DN7717_c0_g1_i1
OG0000000	QN05-1509_k25_TRINITY_DN15440_c0_g1_i1
OG0000000	QN05-1509_k25_TRINITY_DN15440_c0_g2_i2
OG0000000	QN05-1509_k25_TRINITY_DN6169_c0_g2_i2
OG0000000	QN05-1509_k25_TRINITY_DN7892_c0_g1_i8
OG0000000	QN05-1509_k25_TRINITY_DN9345_c0_g2_i1
OG0000000	QN05-1509_k31_TRINITY_DN15308_c1_g1_i1
OG0000000	QN05-1509_k31_TRINITY_DN20668_c0_g1_i3
OG0000000	QN05-1509_k31_TRINITY_DN20668_c0_g1_i8
OG0000000	QN05-1509_k31_TRINITY_DN23396_c0_g1_i4
OG0000000	QN05-1509_k31_TRINITY_DN8657_c1_g1_i2
OG0000000	QN05-1509_k31_TRINITY_DN8657_c1_g1_i3
OG0000000	QN05-1743_k25_TRINITY_DN877_c1_g1_i13
OG0000000	QN05-1743_k25_TRINITY_DN877_c1_g1_i14
OG0000000	QN05-1743_k31_TRINITY_DN1706_c0_g1_i13
OG0000000	QN05-1743_k31_TRINITY_DN1706_c0_g1_i15
OG0000000	QN05-1743_k31_TRINITY_DN1706_c0_g1_i2
OG0000000	QN05-1743_k31_TRINITY_DN3014_c0_g1_i1
OG0000000	QN05-1743_k31_TRINITY_DN7652_c1_g1_i1
OG0000000	QN05-1743_k31_TRINITY_DN7652_c1_g1_i3
OG0000000	QN05-803_k31_TRINITY_DN23417_c0_g1_i1
OG0000000	QN05-803_k31_TRINITY_DN7242_c0_g1_i5
OG0000000	QS99-2014_k25_TRINITY_DN20603_c0_g1_i2
OG0000000	QS99-2014_k25_TRINITY_DN437_c2_g1_i4
OG0000000	QS99-2014_k25_TRINITY_DN7288_c0_g1_i12
OG0000000	QS99-2014_k25_TRINITY_DN7288_c0_g1_i2
OG0000000	QS99-2014_k31_TRINITY_DN12588_c0_g1_i1
OG0000000	QS99-2014_k31_TRINITY_DN19541_c0_g1_i2
OG0000000	QS99-2014_k31_TRINITY_DN7073_c0_g2_i1
OG0000000	QS99-2014_k31_TRINITY_DN7073_c0_g2_i2
OG0000000	QS99-2014_k31_TRINITY_DN7073_c0_g2_i6
OG0000000	QS99-2014_k31_TRINITY_DN7073_c0_g2_i8
OG0000000	RB72454_k25_TRINITY_DN12073_c1_g1_i1
OG0000000	RB72454_k25_TRINITY_DN4868_c1_g1_i6
OG0000000	RB72454_k25_TRINITY_DN8783_c1_g1_i1
OG0000000	RB72454_k25_TRINITY_DN8783_c1_g1_i2
OG0000000	RB72454_k25_TRINITY_DN8783_c1_g1_i3
OG0000000	RB72454_k25_TRINITY_DN8783_c1_g1_i4
OG0000000	RB72454_k25_TRINITY_DN9431_c1_g1_i7
OG0000000	RB72454_k25_TRINITY_DN9808_c0_g1_i1
OG0000000	RB72454_k25_TRINITY_DN9808_c0_g1_i4
OG0000000	RB72454_k25_TRINITY_DN9808_c0_g1_i5
OG0000000	RB72454_k31_TRINITY_DN10177_c0_g3_i4
OG0000000	RB72454_k31_TRINITY_DN10177_c0_g3_i5
OG0000000	RB72454_k31_TRINITY_DN7443_c0_g1_i2
OG0000000	RB72454_k31_TRINITY_DN7443_c0_g1_i4
OG0000000	RB72454_k31_TRINITY_DN7443_c0_g1_i5
OG0000000	RB72454_k31_TRINITY_DN7443_c0_g2_i3
OG0000000	RB855156_k25_TRINITY_DN12778_c0_g2_i4
OG0000000	RB855156_k25_TRINITY_DN12778_c2_g1_i1
OG0000000	RB855156_k25_TRINITY_DN4612_c0_g1_i1
OG0000000	RB855156_k25_TRINITY_DN4612_c0_g1_i9
OG0000000	RB855156_k25_TRINITY_DN7356_c0_g1_i2
OG0000000	RB855156_k31_TRINITY_DN11315_c0_g2_i14
OG0000000	RB855156_k31_TRINITY_DN11315_c0_g2_i16
OG0000000	RB855156_k31_TRINITY_DN11315_c0_g2_i2
OG0000000	RB855156_k31_TRINITY_DN13339_c0_g1_i1
OG0000000	RB855156_k31_TRINITY_DN13339_c0_g1_i3
OG0000000	RB855156_k31_TRINITY_DN31330_c2_g1_i4
OG0000000	RB855156_k31_TRINITY_DN31330_c2_g1_i5
OG0000000	RB855156_k31_TRINITY_DN35696_c0_g1_i5
OG0000000	RB855156_k31_TRINITY_DN4557_c1_g1_i5
OG0000000	ROC20_k25_TRINITY_DN128380_c0_g2_i1
OG0000000	ROC20_k25_TRINITY_DN1542_c0_g1_i5
OG0000000	ROC20_k25_TRINITY_DN26424_c1_g1_i4
OG0000000	ROC20_k25_TRINITY_DN2766_c0_g1_i13
OG0000000	ROC20_k25_TRINITY_DN2766_c0_g1_i14
OG0000000	ROC20_k25_TRINITY_DN2766_c0_g1_i18
OG0000000	ROC20_k25_TRINITY_DN35701_c0_g1_i2
OG0000000	ROC20_k25_TRINITY_DN39429_c0_g1_i5
OG0000000	ROC20_k25_TRINITY_DN58247_c0_g1_i2
OG0000000	ROC20_k25_TRINITY_DN58247_c0_g1_i4
OG0000000	ROC20_k25_TRINITY_DN59909_c1_g2_i1
OG0000000	ROC20_k25_TRINITY_DN71174_c0_g1_i4
OG0000000	ROC20_k25_TRINITY_DN71174_c0_g1_i5
OG0000000	ROC20_k25_TRINITY_DN71174_c1_g1_i3
OG0000000	ROC20_k25_TRINITY_DN71174_c1_g1_i7
OG0000000	ROC20_k25_TRINITY_DN88769_c0_g1_i2
OG0000000	ROC20_k25_TRINITY_DN88769_c0_g1_i3
OG0000000	ROC20_k25_TRINITY_DN88769_c0_g1_i4
OG0000000	ROC20_k25_TRINITY_DN97098_c2_g1_i1
OG0000000	ROC20_k31_TRINITY_DN10474_c0_g1_i4
OG0000000	ROC20_k31_TRINITY_DN10474_c0_g1_i6
OG0000000	ROC20_k31_TRINITY_DN10474_c0_g1_i7
OG0000000	ROC20_k31_TRINITY_DN107371_c0_g1_i8
OG0000000	ROC20_k31_TRINITY_DN110663_c0_g2_i2
OG0000000	ROC20_k31_TRINITY_DN111826_c0_g1_i6
OG0000000	ROC20_k31_TRINITY_DN125919_c0_g1_i3
OG0000000	ROC20_k31_TRINITY_DN14039_c0_g1_i3
OG0000000	ROC20_k31_TRINITY_DN14039_c0_g1_i7
OG0000000	ROC20_k31_TRINITY_DN153374_c1_g2_i1
OG0000000	ROC20_k31_TRINITY_DN153374_c1_g2_i2
OG0000000	ROC20_k31_TRINITY_DN15882_c0_g1_i2
OG0000000	ROC20_k31_TRINITY_DN15882_c2_g1_i1
OG0000000	ROC20_k31_TRINITY_DN25582_c1_g1_i7
OG0000000	ROC20_k31_TRINITY_DN26246_c0_g1_i1
OG0000000	ROC20_k31_TRINITY_DN26246_c0_g1_i10
OG0000000	ROC20_k31_TRINITY_DN26246_c0_g1_i11
OG0000000	ROC20_k31_TRINITY_DN26246_c1_g1_i4
OG0000000	ROC20_k31_TRINITY_DN26246_c1_g2_i4
OG0000000	ROC20_k31_TRINITY_DN26246_c1_g2_i5
OG0000000	ROC20_k31_TRINITY_DN33522_c0_g1_i3
OG0000000	ROC20_k31_TRINITY_DN33522_c0_g1_i4
OG0000000	ROC20_k31_TRINITY_DN33522_c1_g1_i2
OG0000000	ROC20_k31_TRINITY_DN33522_c1_g1_i5
OG0000000	ROC20_k31_TRINITY_DN33982_c0_g1_i3
OG0000000	ROC20_k31_TRINITY_DN33982_c0_g1_i7
OG0000000	ROC20_k31_TRINITY_DN34180_c0_g1_i1
OG0000000	ROC20_k31_TRINITY_DN34180_c0_g1_i2
OG0000000	ROC20_k31_TRINITY_DN41576_c1_g1_i1
OG0000000	ROC20_k31_TRINITY_DN41576_c1_g1_i10
OG0000000	ROC20_k31_TRINITY_DN41576_c1_g1_i11
OG0000000	ROC20_k31_TRINITY_DN42558_c0_g1_i3
OG0000000	ROC20_k31_TRINITY_DN42558_c1_g1_i1
OG0000000	ROC20_k31_TRINITY_DN43048_c1_g1_i1
OG0000000	ROC20_k31_TRINITY_DN43663_c1_g1_i1
OG0000000	ROC20_k31_TRINITY_DN5265_c0_g1_i3
OG0000000	ROC20_k31_TRINITY_DN53040_c1_g1_i1
OG0000000	ROC20_k31_TRINITY_DN58287_c0_g1_i2
OG0000000	ROC20_k31_TRINITY_DN58287_c0_g1_i3
OG0000000	ROC20_k31_TRINITY_DN58287_c0_g1_i5
OG0000000	ROC20_k31_TRINITY_DN58287_c0_g1_i7
OG0000000	ROC20_k31_TRINITY_DN58287_c1_g1_i5
OG0000000	ROC20_k31_TRINITY_DN58287_c1_g1_i6
OG0000000	ROC20_k31_TRINITY_DN59892_c0_g1_i4
OG0000000	ROC20_k31_TRINITY_DN67630_c0_g1_i4
OG0000000	ROC20_k31_TRINITY_DN71140_c1_g1_i2
OG0000000	ROC20_k31_TRINITY_DN71140_c1_g1_i4
OG0000000	ROC20_k31_TRINITY_DN76282_c0_g2_i2
OG0000000	ROC20_k31_TRINITY_DN84187_c0_g1_i3
OG0000000	ROC20_k31_TRINITY_DN84187_c0_g1_i4
OG0000000	ROC20_k31_TRINITY_DN84187_c1_g1_i1
OG0000000	ROC22_k25_TRINITY_DN132939_c0_g1_i1
OG0000000	ROC22_k25_TRINITY_DN132939_c1_g1_i1
OG0000000	ROC22_k25_TRINITY_DN144634_c1_g1_i1
OG0000000	ROC22_k25_TRINITY_DN14651_c0_g1_i1
OG0000000	ROC22_k25_TRINITY_DN14651_c0_g1_i3
OG0000000	ROC22_k25_TRINITY_DN14651_c0_g1_i4
OG0000000	ROC22_k25_TRINITY_DN14651_c0_g1_i8
OG0000000	ROC22_k25_TRINITY_DN14651_c0_g1_i9
OG0000000	ROC22_k25_TRINITY_DN149328_c0_g1_i1
OG0000000	ROC22_k25_TRINITY_DN163176_c1_g1_i1
OG0000000	ROC22_k25_TRINITY_DN213717_c1_g1_i1
OG0000000	ROC22_k25_TRINITY_DN28872_c1_g1_i2
OG0000000	ROC22_k25_TRINITY_DN28872_c1_g1_i4
OG0000000	ROC22_k25_TRINITY_DN30394_c0_g1_i7
OG0000000	ROC22_k25_TRINITY_DN35714_c1_g1_i1
OG0000000	ROC22_k25_TRINITY_DN38147_c0_g1_i2
OG0000000	ROC22_k25_TRINITY_DN51325_c0_g1_i3
OG0000000	ROC22_k25_TRINITY_DN596_c1_g2_i2
OG0000000	ROC22_k25_TRINITY_DN6362_c0_g1_i1
OG0000000	ROC22_k25_TRINITY_DN6362_c0_g1_i2
OG0000000	ROC22_k25_TRINITY_DN6362_c0_g1_i6
OG0000000	ROC22_k25_TRINITY_DN6362_c0_g1_i7
OG0000000	ROC22_k25_TRINITY_DN6362_c0_g1_i9
OG0000000	ROC22_k25_TRINITY_DN73281_c0_g2_i1
OG0000000	ROC22_k25_TRINITY_DN73281_c0_g2_i2
OG0000000	ROC22_k25_TRINITY_DN9426_c0_g1_i4
OG0000000	ROC22_k31_TRINITY_DN113030_c5_g1_i1
OG0000000	ROC22_k31_TRINITY_DN123523_c0_g1_i1
OG0000000	ROC22_k31_TRINITY_DN154065_c0_g2_i2
OG0000000	ROC22_k31_TRINITY_DN154065_c0_g2_i5
OG0000000	ROC22_k31_TRINITY_DN162554_c0_g1_i2
OG0000000	ROC22_k31_TRINITY_DN20178_c0_g1_i12
OG0000000	ROC22_k31_TRINITY_DN34080_c0_g1_i4
OG0000000	ROC22_k31_TRINITY_DN34080_c0_g1_i5
OG0000000	ROC22_k31_TRINITY_DN34080_c0_g1_i6
OG0000000	ROC22_k31_TRINITY_DN34184_c0_g1_i2
OG0000000	ROC22_k31_TRINITY_DN35457_c1_g1_i1
OG0000000	ROC22_k31_TRINITY_DN35457_c3_g2_i3
OG0000000	ROC22_k31_TRINITY_DN48740_c1_g1_i12
OG0000000	ROC22_k31_TRINITY_DN48740_c1_g1_i4
OG0000000	ROC22_k31_TRINITY_DN48740_c1_g1_i5
OG0000000	ROC22_k31_TRINITY_DN48740_c1_g1_i7
OG0000000	ROC22_k31_TRINITY_DN48740_c1_g1_i8
OG0000000	ROC22_k31_TRINITY_DN50732_c0_g1_i5
OG0000000	ROC22_k31_TRINITY_DN50732_c1_g1_i2
OG0000000	ROC22_k31_TRINITY_DN64513_c3_g1_i1
OG0000000	ROC22_k31_TRINITY_DN79854_c0_g1_i4
OG0000000	ROC22_k31_TRINITY_DN80514_c0_g2_i1
OG0000000	ROC22_k31_TRINITY_DN90168_c0_g1_i7
OG0000000	ROC22_k31_TRINITY_DN99877_c0_g1_i1
OG0000000	ROC22_k31_TRINITY_DN99877_c0_g2_i1
OG0000000	ROC22_k31_TRINITY_DN99877_c1_g1_i2
OG0000000	ROC26_k31_TRINITY_DN12061_c0_g1_i4
OG0000000	ROC26_k31_TRINITY_DN12061_c1_g1_i3
OG0000000	ROC26_k31_TRINITY_DN14189_c1_g1_i1
OG0000000	T1_k25_TRINITY_DN10066_c0_g1_i4
OG0000000	T1_k25_TRINITY_DN10066_c0_g1_i8
OG0000000	T1_k31_TRINITY_DN5838_c1_g1_i1
OG0000000	T1_k31_TRINITY_DN704_c1_g1_i5
OG0000000	T1_k31_TRINITY_DN7065_c0_g2_i3
OG0000000	T1_k31_TRINITY_DN7065_c0_g2_i7
OG0000000	T2_k31_TRINITY_DN11746_c0_g1_i13
OG0000000	T2_k31_TRINITY_DN11746_c0_g1_i3
OG0000000	T2_k31_TRINITY_DN11746_c0_g1_i6
OG0000000	T2_k31_TRINITY_DN11746_c0_g1_i8
OG0000000	T2_k31_TRINITY_DN12952_c0_g1_i1
OG0000000	T2_k31_TRINITY_DN12952_c0_g1_i10
OG0000000	T2_k31_TRINITY_DN12952_c0_g1_i12
OG0000000	T2_k31_TRINITY_DN12952_c0_g1_i15
OG0000000	T2_k31_TRINITY_DN12952_c0_g1_i16
OG0000000	T2_k31_TRINITY_DN12952_c0_g1_i2
OG0000000	T2_k31_TRINITY_DN12952_c0_g1_i21
OG0000000	T2_k31_TRINITY_DN12952_c0_g1_i7
OG0000000	T2_k31_TRINITY_DN12952_c0_g1_i8
OG0000000	T2_k31_TRINITY_DN12952_c0_g1_i9
OG0000000	T2_k31_TRINITY_DN18151_c1_g1_i5
OG0000000	T2_k31_TRINITY_DN18151_c1_g1_i6
OG0000000	T2_k31_TRINITY_DN60033_c0_g2_i4
OG0000000	T2_k31_TRINITY_DN6899_c0_g1_i4
OG0000000	TUC717_k25_TRINITY_DN16917_c0_g1_i2
OG0000000	TUC717_k25_TRINITY_DN3822_c0_g1_i9
OG0000000	TUC717_k31_TRINITY_DN17009_c0_g1_i7
OG0000000	TUC717_k31_TRINITY_DN17009_c1_g1_i2
OG0000000	TUC717_k31_TRINITY_DN21496_c0_g1_i4
OG0000000	TUC717_k31_TRINITY_DN21496_c0_g2_i3
OG0000000	TUC717_k31_TRINITY_DN4194_c1_g1_i1
OG0000000	TUC717_k31_TRINITY_DN7901_c0_g1_i2
OG0000000	US851008_k25_TRINITY_DN11305_c0_g2_i1
OG0000000	US851008_k25_TRINITY_DN27323_c0_g1_i1
OG0000000	US851008_k25_TRINITY_DN7119_c1_g1_i1
OG0000000	US851008_k25_TRINITY_DN7119_c1_g1_i2
OG0000000	US851008_k31_TRINITY_DN11757_c0_g1_i2
OG0000000	US851008_k31_TRINITY_DN11757_c0_g1_i3
OG0000000	US851008_k31_TRINITY_DN11757_c0_g1_i5
OG0000000	US851008_k31_TRINITY_DN17741_c0_g2_i1
OG0000000	US851008_k31_TRINITY_DN2010_c0_g1_i4
OG0000000	US851008_k31_TRINITY_DN50788_c0_g1_i1
OG0000000	US851008_k31_TRINITY_DN6677_c0_g1_i1
OG0000000	US851008_k31_TRINITY_DN6677_c0_g1_i7
OG0000001	B1_k25_TRINITY_DN10448_c2_g1_i2
OG0000001	B1_k25_TRINITY_DN10448_c2_g1_i4
OG0000001	B1_k25_TRINITY_DN20166_c0_g1_i1
OG0000001	B1_k25_TRINITY_DN6167_c0_g1_i8
OG0000001	B1_k31_TRINITY_DN74288_c1_g1_i1
OG0000001	B2_k25_TRINITY_DN11041_c0_g1_i8
OG0000001	B2_k25_TRINITY_DN4602_c0_g1_i2
OG0000001	B2_k25_TRINITY_DN4602_c0_g1_i8
OG0000001	B2_k31_TRINITY_DN30557_c0_g1_i1
OG0000001	B2_k31_TRINITY_DN30557_c0_g1_i3
OG0000001	B2_k31_TRINITY_DN3892_c1_g1_i1
OG0000001	B2_k31_TRINITY_DN3892_c1_g1_i13
OG0000001	B2_k31_TRINITY_DN3892_c1_g1_i15
OG0000001	B2_k31_TRINITY_DN3892_c1_g1_i17
OG0000001	B2_k31_TRINITY_DN3892_c1_g1_i5
OG0000001	B2_k31_TRINITY_DN7407_c0_g1_i2
OG0000001	B2_k31_TRINITY_DN7407_c0_g1_i4
OG0000001	B2_k31_TRINITY_DN7407_c0_g1_i5
OG0000001	CP74-2005_k31_TRINITY_DN12993_c1_g1_i3
OG0000001	CP74-2005_k31_TRINITY_DN16318_c0_g1_i1
OG0000001	CP74-2005_k31_TRINITY_DN25267_c0_g3_i1
OG0000001	CP74-2005_k31_TRINITY_DN25267_c0_g3_i10
OG0000001	CP74-2005_k31_TRINITY_DN25267_c0_g3_i2
OG0000001	CP74-2005_k31_TRINITY_DN25267_c0_g3_i6
OG0000001	CP74-2005_k31_TRINITY_DN46542_c1_g1_i8
OG0000001	CP74-2005_k31_TRINITY_DN48461_c0_g1_i2
OG0000001	CP74-2005_k31_TRINITY_DN48461_c0_g1_i3
OG0000001	CP74-2005_k31_TRINITY_DN48461_c0_g1_i6
OG0000001	CP74-2005_k31_TRINITY_DN69426_c0_g1_i1
OG0000001	Co06022_k25_TRINITY_DN16199_c1_g1_i6
OG0000001	Co06022_k25_TRINITY_DN25429_c0_g2_i1
OG0000001	Co06022_k31_TRINITY_DN14621_c1_g1_i1
OG0000001	Co06022_k31_TRINITY_DN14621_c1_g1_i2
OG0000001	Co06022_k31_TRINITY_DN21390_c1_g1_i3
OG0000001	Co06022_k31_TRINITY_DN21390_c1_g1_i7
OG0000001	Co06022_k31_TRINITY_DN48886_c1_g1_i1
OG0000001	Co06022_k31_TRINITY_DN7078_c1_g1_i5
OG0000001	Co8021_k25_TRINITY_DN22266_c0_g1_i4
OG0000001	Co8021_k25_TRINITY_DN23473_c0_g1_i2
OG0000001	Co8021_k25_TRINITY_DN23473_c0_g1_i7
OG0000001	Co8021_k25_TRINITY_DN44050_c0_g1_i11
OG0000001	Co8021_k25_TRINITY_DN5707_c1_g1_i5
OG0000001	Co8021_k25_TRINITY_DN64301_c0_g2_i1
OG0000001	Co8021_k31_TRINITY_DN23809_c0_g1_i17
OG0000001	Co8021_k31_TRINITY_DN23809_c0_g1_i3
OG0000001	Co8021_k31_TRINITY_DN33620_c0_g1_i2
OG0000001	Co8021_k31_TRINITY_DN33620_c0_g1_i4
OG0000001	Co8021_k31_TRINITY_DN33620_c1_g1_i1
OG0000001	Co8021_k31_TRINITY_DN33620_c1_g1_i2
OG0000001	Co8021_k31_TRINITY_DN64884_c1_g1_i1
OG0000001	Co8021_k31_TRINITY_DN69700_c0_g1_i2
OG0000001	Co8021_k31_TRINITY_DN69700_c0_g1_i3
OG0000001	Co8021_k31_TRINITY_DN9474_c0_g2_i5
OG0000001	CoV92102_k25_TRINITY_DN21075_c0_g1_i5
OG0000001	CoV92102_k25_TRINITY_DN21075_c0_g1_i7
OG0000001	CoV92102_k25_TRINITY_DN7059_c0_g1_i7
OG0000001	CoV92102_k25_TRINITY_DN7059_c0_g1_i8
OG0000001	CoV92102_k31_TRINITY_DN10969_c1_g1_i10
OG0000001	CoV92102_k31_TRINITY_DN10969_c1_g1_i12
OG0000001	CoV92102_k31_TRINITY_DN10969_c1_g1_i6
OG0000001	CoV92102_k31_TRINITY_DN10969_c1_g1_i7
OG0000001	CoV92102_k31_TRINITY_DN14746_c0_g1_i4
OG0000001	CoV92102_k31_TRINITY_DN14746_c0_g1_i7
OG0000001	CoV92102_k31_TRINITY_DN14746_c0_g1_i8
OG0000001	CoV92102_k31_TRINITY_DN14746_c0_g1_i9
OG0000001	CoV92102_k31_TRINITY_DN18873_c0_g1_i7
OG0000001	CoV92102_k31_TRINITY_DN2613_c1_g1_i6
OG0000001	CoV92102_k31_TRINITY_DN29970_c0_g1_i1
OG0000001	CoV92102_k31_TRINITY_DN50539_c1_g1_i1
OG0000001	CoV92102_k31_TRINITY_DN83736_c0_g1_i1
OG0000001	CoV92102_k31_TRINITY_DN83736_c0_g1_i2
OG0000001	F1-Bulk-1_k25_TRINITY_DN35650_c1_g1_i1
OG0000001	F1-Bulk-1_k25_TRINITY_DN35650_c1_g1_i2
OG0000001	F1-Bulk-1_k31_TRINITY_DN25654_c0_g1_i6
OG0000001	F1-Bulk-1_k31_TRINITY_DN59261_c0_g1_i2
OG0000001	F1-Bulk-1_k31_TRINITY_DN59261_c0_g1_i8
OG0000001	F1-Bulk-2_k31_TRINITY_DN45758_c0_g1_i2
OG0000001	F1-Bulk-2_k31_TRINITY_DN47289_c1_g1_i1
OG0000001	F1-Bulk-2_k31_TRINITY_DN47289_c1_g1_i2
OG0000001	FN95-1702_k25_TRINITY_DN21757_c0_g1_i9
OG0000001	FN95-1702_k25_TRINITY_DN21757_c0_g2_i6
OG0000001	FN95-1702_k25_TRINITY_DN58958_c0_g1_i2
OG0000001	FN95-1702_k31_TRINITY_DN10143_c0_g2_i2
OG0000001	FN95-1702_k31_TRINITY_DN10143_c0_g2_i3
OG0000001	FN95-1702_k31_TRINITY_DN10143_c0_g2_i5
OG0000001	FN95-1702_k31_TRINITY_DN23398_c1_g1_i1
OG0000001	FN95-1702_k31_TRINITY_DN23398_c1_g1_i2
OG0000001	FN95-1702_k31_TRINITY_DN23398_c1_g1_i4
OG0000001	FN95-1702_k31_TRINITY_DN23398_c1_g1_i6
OG0000001	FN95-1702_k31_TRINITY_DN26814_c0_g1_i4
OG0000001	FN95-1702_k31_TRINITY_DN59010_c0_g1_i1
OG0000001	FN95-1702_k31_TRINITY_DN7461_c0_g1_i3
OG0000001	FN95-1702_k31_TRINITY_DN7461_c0_g1_i8
OG0000001	GN18_k25_TRINITY_DN3817_c3_g1_i5
OG0000001	GN18_k25_TRINITY_DN3817_c3_g1_i7
OG0000001	GN18_k31_TRINITY_DN26780_c0_g1_i1
OG0000001	GN18_k31_TRINITY_DN26780_c0_g1_i3
OG0000001	GN18_k31_TRINITY_DN26780_c0_g1_i4
OG0000001	GN18_k31_TRINITY_DN38392_c0_g1_i1
OG0000001	GN18_k31_TRINITY_DN38392_c0_g1_i3
OG0000001	GN18_k31_TRINITY_DN38392_c0_g1_i4
OG0000001	GN18_k31_TRINITY_DN38392_c0_g1_i9
OG0000001	GT96-167_k25_TRINITY_DN8929_c0_g1_i10
OG0000001	GT96-167_k25_TRINITY_DN8929_c0_g1_i6
OG0000001	GT96-167_k31_TRINITY_DN12410_c0_g1_i13
OG0000001	GT96-167_k31_TRINITY_DN17558_c0_g2_i3
OG0000001	GT96-167_k31_TRINITY_DN312_c0_g1_i6
OG0000001	GT96-167_k31_TRINITY_DN39958_c1_g1_i2
OG0000001	GT96-167_k31_TRINITY_DN8609_c0_g1_i11
OG0000001	GT96-167_k31_TRINITY_DN8609_c0_g1_i12
OG0000001	GT96-167_k31_TRINITY_DN8609_c0_g1_i3
OG0000001	GT96-167_k31_TRINITY_DN8609_c0_g1_i5
OG0000001	GT96-167_k31_TRINITY_DN8609_c0_g1_i7
OG0000001	GUC10_k31_TRINITY_DN16613_c0_g1_i5
OG0000001	GUC10_k31_TRINITY_DN35876_c1_g1_i1
OG0000001	GUC2_k25_TRINITY_DN6591_c0_g1_i10
OG0000001	GXU-34140_k25_TRINITY_DN13577_c0_g2_i2
OG0000001	GXU-34140_k25_TRINITY_DN3120_c1_g1_i2
OG0000001	GXU-34140_k31_TRINITY_DN14907_c0_g1_i1
OG0000001	GXU-34140_k31_TRINITY_DN14907_c0_g1_i4
OG0000001	GXU-34140_k31_TRINITY_DN14907_c0_g1_i5
OG0000001	GXU-34140_k31_TRINITY_DN14907_c0_g1_i6
OG0000001	GXU-34140_k31_TRINITY_DN14907_c0_g1_i8
OG0000001	GXU-34140_k31_TRINITY_DN23993_c0_g1_i1
OG0000001	GXU-34140_k31_TRINITY_DN5863_c0_g1_i4
OG0000001	GXU-34140_k31_TRINITY_DN5863_c0_g1_i6
OG0000001	GXU-34140_k31_TRINITY_DN5863_c1_g1_i1
OG0000001	GXU-34140_k31_TRINITY_DN5863_c1_g1_i4
OG0000001	GXU-34176_k25_TRINITY_DN12508_c0_g1_i1
OG0000001	GXU-34176_k25_TRINITY_DN12508_c0_g1_i4
OG0000001	GXU-34176_k25_TRINITY_DN4477_c2_g1_i3
OG0000001	GXU-34176_k25_TRINITY_DN4477_c2_g1_i4
OG0000001	GXU-34176_k25_TRINITY_DN4477_c2_g1_i7
OG0000001	GXU-34176_k31_TRINITY_DN14104_c0_g1_i4
OG0000001	GXU-34176_k31_TRINITY_DN14104_c0_g1_i7
OG0000001	GXU-34176_k31_TRINITY_DN17085_c0_g1_i5
OG0000001	GXU-34176_k31_TRINITY_DN6542_c1_g1_i1
OG0000001	GXU-34176_k31_TRINITY_DN6542_c1_g1_i2
OG0000001	GXU-34176_k31_TRINITY_DN9169_c0_g1_i5
OG0000001	KQ08-2850_k25_TRINITY_DN60387_c0_g1_i5
OG0000001	KQ08-2850_k31_TRINITY_DN10115_c0_g1_i10
OG0000001	KQ08-2850_k31_TRINITY_DN10829_c0_g1_i4
OG0000001	KQ08-2850_k31_TRINITY_DN10829_c0_g1_i6
OG0000001	KQ08-2850_k31_TRINITY_DN20024_c0_g1_i1
OG0000001	KQ08-2850_k31_TRINITY_DN4065_c0_g1_i13
OG0000001	KQ08-2850_k31_TRINITY_DN45835_c0_g1_i4
OG0000001	KQB07-23863_k25_TRINITY_DN955_c0_g1_i2
OG0000001	KQB07-23990_k25_TRINITY_DN3390_c0_g1_i5
OG0000001	KQB07-23990_k31_TRINITY_DN1293_c0_g1_i15
OG0000001	KQB07-23990_k31_TRINITY_DN1293_c0_g1_i9
OG0000001	KQB07-23990_k31_TRINITY_DN29305_c1_g1_i2
OG0000001	KQB07-23990_k31_TRINITY_DN29305_c1_g1_i3
OG0000001	KQB07-24619_k25_TRINITY_DN13902_c0_g3_i1
OG0000001	KQB07-24619_k25_TRINITY_DN13902_c0_g3_i2
OG0000001	KQB07-24619_k31_TRINITY_DN7177_c0_g1_i8
OG0000001	KQB07-24739_k31_TRINITY_DN2160_c0_g1_i11
OG0000001	KQB08-32953_k25_TRINITY_DN2445_c0_g1_i16
OG0000001	KQB09-20432_k25_TRINITY_DN24646_c0_g1_i1
OG0000001	KQB09-20620_k31_TRINITY_DN2382_c0_g2_i3
OG0000001	KQB09-20620_k31_TRINITY_DN7238_c0_g1_i2
OG0000001	KQB09-20620_k31_TRINITY_DN7238_c0_g1_i3
OG0000001	KQB09-23137_k25_TRINITY_DN6444_c0_g2_i10
OG0000001	KQB09-23137_k25_TRINITY_DN6444_c2_g2_i3
OG0000001	LCP85-384_k25_TRINITY_DN29874_c0_g1_i3
OG0000001	LCP85-384_k25_TRINITY_DN29874_c0_g1_i5
OG0000001	LCP85-384_k25_TRINITY_DN29874_c0_g1_i6
OG0000001	LCP85-384_k25_TRINITY_DN29874_c0_g1_i8
OG0000001	LCP85-384_k25_TRINITY_DN29874_c0_g2_i3
OG0000001	LCP85-384_k25_TRINITY_DN46559_c0_g1_i1
OG0000001	LCP85-384_k25_TRINITY_DN46559_c0_g1_i2
OG0000001	LCP85-384_k25_TRINITY_DN66392_c0_g1_i6
OG0000001	LCP85-384_k25_TRINITY_DN72213_c2_g1_i1
OG0000001	LCP85-384_k25_TRINITY_DN78826_c1_g1_i1
OG0000001	LCP85-384_k25_TRINITY_DN78826_c1_g1_i2
OG0000001	LCP85-384_k31_TRINITY_DN10080_c0_g1_i9
OG0000001	LCP85-384_k31_TRINITY_DN101731_c0_g1_i3
OG0000001	LCP85-384_k31_TRINITY_DN102224_c0_g1_i1
OG0000001	LCP85-384_k31_TRINITY_DN108045_c1_g1_i1
OG0000001	LCP85-384_k31_TRINITY_DN108186_c1_g1_i3
OG0000001	LCP85-384_k31_TRINITY_DN119549_c0_g1_i1
OG0000001	LCP85-384_k31_TRINITY_DN119549_c0_g1_i3
OG0000001	LCP85-384_k31_TRINITY_DN119549_c0_g1_i4
OG0000001	LCP85-384_k31_TRINITY_DN21035_c0_g1_i10
OG0000001	LCP85-384_k31_TRINITY_DN21035_c0_g1_i3
OG0000001	LCP85-384_k31_TRINITY_DN21035_c0_g1_i7
OG0000001	LCP85-384_k31_TRINITY_DN21035_c0_g1_i8
OG0000001	LCP85-384_k31_TRINITY_DN210595_c0_g2_i1
OG0000001	LCP85-384_k31_TRINITY_DN21736_c0_g1_i10
OG0000001	LCP85-384_k31_TRINITY_DN21736_c0_g1_i6
OG0000001	LCP85-384_k31_TRINITY_DN26954_c0_g2_i1
OG0000001	LCP85-384_k31_TRINITY_DN26954_c0_g2_i2
OG0000001	LCP85-384_k31_TRINITY_DN26954_c0_g2_i3
OG0000001	LCP85-384_k31_TRINITY_DN2830_c0_g1_i2
OG0000001	LCP85-384_k31_TRINITY_DN2830_c0_g1_i7
OG0000001	LCP85-384_k31_TRINITY_DN2830_c0_g1_i8
OG0000001	LCP85-384_k31_TRINITY_DN2830_c1_g1_i1
OG0000001	LCP85-384_k31_TRINITY_DN2830_c1_g1_i2
OG0000001	LCP85-384_k31_TRINITY_DN30736_c0_g1_i10
OG0000001	LCP85-384_k31_TRINITY_DN30736_c0_g1_i8
OG0000001	LCP85-384_k31_TRINITY_DN32775_c1_g1_i3
OG0000001	LCP85-384_k31_TRINITY_DN32775_c1_g1_i5
OG0000001	LCP85-384_k31_TRINITY_DN37556_c0_g1_i1
OG0000001	LCP85-384_k31_TRINITY_DN43619_c0_g1_i2
OG0000001	LCP85-384_k31_TRINITY_DN43619_c0_g1_i4
OG0000001	LCP85-384_k31_TRINITY_DN45006_c0_g1_i3
OG0000001	LCP85-384_k31_TRINITY_DN45006_c0_g1_i4
OG0000001	LCP85-384_k31_TRINITY_DN48430_c0_g1_i1
OG0000001	LCP85-384_k31_TRINITY_DN48430_c0_g1_i3
OG0000001	LCP85-384_k31_TRINITY_DN67276_c0_g3_i1
OG0000001	LCP85-384_k31_TRINITY_DN68333_c0_g1_i3
OG0000001	LCP85-384_k31_TRINITY_DN68333_c0_g1_i6
OG0000001	LCP85-384_k31_TRINITY_DN68333_c0_g1_i8
OG0000001	LCP85-384_k31_TRINITY_DN74781_c0_g1_i1
OG0000001	LCP85-384_k31_TRINITY_DN74781_c0_g1_i3
OG0000001	LCP85-384_k31_TRINITY_DN74781_c0_g1_i4
OG0000001	LCP85-384_k31_TRINITY_DN74781_c0_g1_i6
OG0000001	LCP85-384_k31_TRINITY_DN80396_c0_g1_i4
OG0000001	LCP85-384_k31_TRINITY_DN80396_c0_g1_i5
OG0000001	LCP85-384_k31_TRINITY_DN89559_c0_g1_i4
OG0000001	LCP85-384_k31_TRINITY_DN91840_c0_g1_i2
OG0000001	LCP85-384_k31_TRINITY_DN91840_c0_g1_i4
OG0000001	MS6847_k25_TRINITY_DN11004_c1_g1_i2
OG0000001	MS6847_k25_TRINITY_DN26562_c0_g1_i4
OG0000001	MS6847_k31_TRINITY_DN62060_c3_g1_i1
OG0000001	MT11-610_k25_TRINITY_DN124451_c0_g1_i1
OG0000001	MT11-610_k25_TRINITY_DN124451_c0_g1_i3
OG0000001	MT11-610_k25_TRINITY_DN124451_c1_g1_i3
OG0000001	MT11-610_k25_TRINITY_DN17765_c1_g1_i3
OG0000001	MT11-610_k25_TRINITY_DN17765_c1_g1_i4
OG0000001	MT11-610_k25_TRINITY_DN17765_c1_g1_i6
OG0000001	MT11-610_k25_TRINITY_DN18925_c0_g1_i1
OG0000001	MT11-610_k25_TRINITY_DN18925_c0_g1_i13
OG0000001	MT11-610_k25_TRINITY_DN18925_c0_g1_i3
OG0000001	MT11-610_k25_TRINITY_DN18925_c0_g1_i4
OG0000001	MT11-610_k25_TRINITY_DN18925_c0_g1_i6
OG0000001	MT11-610_k25_TRINITY_DN18925_c0_g1_i7
OG0000001	MT11-610_k25_TRINITY_DN22131_c1_g1_i5
OG0000001	MT11-610_k25_TRINITY_DN33119_c0_g1_i1
OG0000001	MT11-610_k25_TRINITY_DN33119_c0_g1_i3
OG0000001	MT11-610_k25_TRINITY_DN33119_c0_g1_i4
OG0000001	MT11-610_k25_TRINITY_DN35526_c1_g1_i8
OG0000001	MT11-610_k25_TRINITY_DN44822_c0_g1_i4
OG0000001	MT11-610_k25_TRINITY_DN44822_c0_g1_i7
OG0000001	MT11-610_k25_TRINITY_DN99153_c0_g1_i1
OG0000001	MT11-610_k25_TRINITY_DN99153_c0_g1_i2
OG0000001	MT11-610_k25_TRINITY_DN99153_c0_g1_i3
OG0000001	MT11-610_k25_TRINITY_DN99153_c1_g1_i1
OG0000001	MT11-610_k25_TRINITY_DN99153_c1_g1_i3
OG0000001	MT11-610_k25_TRINITY_DN99153_c1_g1_i6
OG0000001	MT11-610_k31_TRINITY_DN10078_c0_g1_i1
OG0000001	MT11-610_k31_TRINITY_DN10078_c0_g1_i11
OG0000001	MT11-610_k31_TRINITY_DN10078_c0_g1_i2
OG0000001	MT11-610_k31_TRINITY_DN10078_c0_g1_i3
OG0000001	MT11-610_k31_TRINITY_DN10078_c0_g1_i4
OG0000001	MT11-610_k31_TRINITY_DN10078_c0_g1_i6
OG0000001	MT11-610_k31_TRINITY_DN10078_c0_g1_i7
OG0000001	MT11-610_k31_TRINITY_DN10078_c0_g1_i8
OG0000001	MT11-610_k31_TRINITY_DN106705_c2_g1_i1
OG0000001	MT11-610_k31_TRINITY_DN107593_c0_g1_i4
OG0000001	MT11-610_k31_TRINITY_DN121557_c0_g2_i2
OG0000001	MT11-610_k31_TRINITY_DN121557_c0_g2_i5
OG0000001	MT11-610_k31_TRINITY_DN12513_c0_g1_i11
OG0000001	MT11-610_k31_TRINITY_DN12513_c0_g1_i13
OG0000001	MT11-610_k31_TRINITY_DN12513_c0_g1_i7
OG0000001	MT11-610_k31_TRINITY_DN127605_c0_g1_i1
OG0000001	MT11-610_k31_TRINITY_DN127605_c0_g1_i4
OG0000001	MT11-610_k31_TRINITY_DN127605_c0_g1_i5
OG0000001	MT11-610_k31_TRINITY_DN127605_c0_g2_i1
OG0000001	MT11-610_k31_TRINITY_DN1380_c0_g1_i15
OG0000001	MT11-610_k31_TRINITY_DN1380_c0_g1_i2
OG0000001	MT11-610_k31_TRINITY_DN14259_c0_g1_i3
OG0000001	MT11-610_k31_TRINITY_DN14259_c0_g1_i5
OG0000001	MT11-610_k31_TRINITY_DN161636_c0_g1_i1
OG0000001	MT11-610_k31_TRINITY_DN161636_c0_g2_i2
OG0000001	MT11-610_k31_TRINITY_DN18628_c1_g1_i6
OG0000001	MT11-610_k31_TRINITY_DN24868_c0_g1_i6
OG0000001	MT11-610_k31_TRINITY_DN24868_c1_g1_i7
OG0000001	MT11-610_k31_TRINITY_DN34017_c0_g1_i11
OG0000001	MT11-610_k31_TRINITY_DN34017_c0_g1_i3
OG0000001	MT11-610_k31_TRINITY_DN38454_c0_g3_i3
OG0000001	MT11-610_k31_TRINITY_DN38668_c0_g1_i4
OG0000001	MT11-610_k31_TRINITY_DN38668_c0_g1_i6
OG0000001	MT11-610_k31_TRINITY_DN38668_c0_g1_i9
OG0000001	MT11-610_k31_TRINITY_DN47395_c0_g1_i1
OG0000001	MT11-610_k31_TRINITY_DN47395_c0_g1_i4
OG0000001	MT11-610_k31_TRINITY_DN47395_c1_g1_i1
OG0000001	MT11-610_k31_TRINITY_DN49187_c0_g1_i6
OG0000001	MT11-610_k31_TRINITY_DN49187_c1_g1_i1
OG0000001	MT11-610_k31_TRINITY_DN51596_c0_g1_i2
OG0000001	MT11-610_k31_TRINITY_DN53462_c0_g2_i5
OG0000001	MT11-610_k31_TRINITY_DN57063_c0_g1_i2
OG0000001	MT11-610_k31_TRINITY_DN57493_c0_g2_i1
OG0000001	MT11-610_k31_TRINITY_DN67478_c2_g1_i2
OG0000001	MT11-610_k31_TRINITY_DN6864_c0_g3_i4
OG0000001	MT11-610_k31_TRINITY_DN69565_c2_g1_i4
OG0000001	MT11-610_k31_TRINITY_DN69565_c2_g1_i6
OG0000001	MT11-610_k31_TRINITY_DN71331_c0_g1_i4
OG0000001	Q200_k25_TRINITY_DN6718_c1_g1_i4
OG0000001	Q200_k31_TRINITY_DN14031_c0_g1_i5
OG0000001	Q200_k31_TRINITY_DN14031_c0_g1_i6
OG0000001	Q200_k31_TRINITY_DN17016_c0_g1_i3
OG0000001	Q200_k31_TRINITY_DN17016_c0_g1_i8
OG0000001	Q241_k25_TRINITY_DN673_c0_g1_i9
OG0000001	Q241_k25_TRINITY_DN8462_c0_g4_i1
OG0000001	Q241_k31_TRINITY_DN14398_c0_g1_i2
OG0000001	Q241_k31_TRINITY_DN581_c2_g1_i11
OG0000001	Q241_k31_TRINITY_DN581_c2_g1_i6
OG0000001	QA02-1009_k25_TRINITY_DN12711_c1_g1_i9
OG0000001	QA02-1009_k25_TRINITY_DN20407_c0_g2_i1
OG0000001	QA02-1009_k31_TRINITY_DN12034_c1_g1_i2
OG0000001	QA02-1009_k31_TRINITY_DN12034_c1_g1_i5
OG0000001	QA02-1009_k31_TRINITY_DN18590_c0_g1_i1
OG0000001	QA02-1009_k31_TRINITY_DN18590_c0_g1_i2
OG0000001	QA02-1009_k31_TRINITY_DN18590_c0_g1_i4
OG0000001	QA02-1009_k31_TRINITY_DN34317_c0_g1_i1
OG0000001	QA02-1009_k31_TRINITY_DN531_c0_g1_i1
OG0000001	QA96-1749_k25_TRINITY_DN782_c0_g1_i13
OG0000001	QA96-1749_k31_TRINITY_DN1781_c0_g1_i13
OG0000001	QA96-1749_k31_TRINITY_DN1781_c0_g1_i16
OG0000001	QA96-1749_k31_TRINITY_DN2313_c1_g2_i1
OG0000001	QA96-1749_k31_TRINITY_DN2313_c1_g2_i2
OG0000001	QA96-1749_k31_TRINITY_DN7862_c0_g1_i1
OG0000001	QA96-1749_k31_TRINITY_DN7862_c0_g1_i4
OG0000001	QA96-1749_k31_TRINITY_DN7862_c0_g1_i5
OG0000001	QA96-1749_k31_TRINITY_DN7862_c0_g1_i8
OG0000001	QBYN04-26041_k25_TRINITY_DN13283_c0_g1_i17
OG0000001	QBYN04-26041_k25_TRINITY_DN13283_c0_g1_i2
OG0000001	QBYN04-26041_k25_TRINITY_DN13283_c0_g1_i4
OG0000001	QBYN04-26041_k25_TRINITY_DN13283_c0_g1_i8
OG0000001	QBYN04-26041_k31_TRINITY_DN17828_c0_g1_i10
OG0000001	QBYN04-26041_k31_TRINITY_DN4780_c1_g2_i2
OG0000001	QC02-402_k25_TRINITY_DN10734_c0_g1_i20
OG0000001	QC02-402_k25_TRINITY_DN7567_c0_g2_i7
OG0000001	QC02-402_k31_TRINITY_DN2644_c0_g2_i1
OG0000001	QC02-402_k31_TRINITY_DN2644_c0_g2_i2
OG0000001	QC02-402_k31_TRINITY_DN5558_c0_g1_i1
OG0000001	QC02-402_k31_TRINITY_DN5558_c0_g1_i3
OG0000001	QN05-1460_k25_TRINITY_DN11814_c0_g1_i1
OG0000001	QN05-1460_k25_TRINITY_DN11814_c0_g1_i8
OG0000001	QN05-1460_k25_TRINITY_DN15169_c0_g2_i9
OG0000001	QN05-1460_k31_TRINITY_DN1071_c5_g1_i3
OG0000001	QN05-1460_k31_TRINITY_DN15026_c0_g1_i12
OG0000001	QN05-1460_k31_TRINITY_DN15026_c0_g1_i13
OG0000001	QN05-1460_k31_TRINITY_DN15026_c0_g1_i3
OG0000001	QN05-1460_k31_TRINITY_DN15026_c0_g1_i4
